INSERT INTO `inventory` (`sku_id`, `item_qty`, `gmt_create`, `gmt_modified`) VALUES 
  (1, 100, '2016-08-27', '2016-08-27'),
  (2, 200, '2016-08-26', '2016-08-26'),
  (3, 300, '2016-08-25', '2016-08-25');


INSERT INTO `liveroom` (`room_id`, `user_id`, `city`, `name`, `portrait`, `online_users_count`, `url`, `title`, `cover`, `gmt_create`, `flow_status`) VALUES 
  (1, 1, '杭州', '张三', '01.jpg', 1000, 'tzb.com', '张三房间', 'c01.jpg', '2016-08-01 00:10:10', 1),
  (2, 2, '上海', '李四', '02.jpg', 999, 'tzb.com', '李四房间', 'ls01.jpg', '2016-08-06 03:03:03', 1),
  (3, 3, '北京', '王五', '03.jpg', 777, 'tzb.com', '王五房间', 'ww01.jpg', '2016-08-03 02:03:03', 0);


INSERT INTO `liveroomoffer` (`room_id`, `offer_id`, `status`, `gmt_create`, `id`) VALUES 
  (1, 1, 1, '2016-08-01 01:01:00', 1),
  (1, 2, 1, '2016-08-01 01:02:00', 2),
  (1, 3, 1, '2016-08-01 01:03:00', 3),
  (1, 4, 1, '2016-08-01 01:04:00', 4),
  (1, 5, 1, '2016-08-01 01:05:01', 5),
  (2, 1, 1, '2016-08-01 02:02:00', 6),
  (2, 2, 1, '2016-08-01 02:03:01', 7),
  (2, 3, 1, '2016-08-01 02:04:00', 8),
  (2, 4, 1, '2016-08-01 01:01:01', 9),
  (2, 5, 1, '2016-08-01 01:02:01', 10),
  (1, 6, 0, '2016-08-01 01:01:00', 11),
  (1, 7, 0, '2016-08-01 01:01:03', 12),
  (2, 6, 0, '2016-08-01 02:02:02', 13),
  (2, 7, 0, '2016-08-01 03:03:00', 14);


INSERT INTO `offer` (`offer_id`, `offer_status`, `sku_id`, `offer_name`, `offer_detail`, `offer_seller_id`, `offer_org_price`, `offer_pro_price`, `offer_qty`, `offer_tag`, `offer_attributes`, `gmt_create`, `gmt_modified`) VALUES 
  (1, 1, 1, '衣服1', '无印良品1', 1, 100, 77, 100, '优质商品', '商品扩展属性1', '2016-08-01 01:01:01', '2016-08-03 01:01:01'),
  (2, 1, 2, '衣服2', '无印良品2', 1, 200, 177, 200, '优质商品2', '商品扩展属性2', '2016-08-01 03:03:03', '2016-08-03'),
  (3, 1, 3, '衣服3', '无印良品3', 2, 188, 116, 150, '优质商品3', '商品扩展属性3', '2016-08-03 01:01:01', '2016-08-03 10:10:01'),
  (4, 1, 4, '鞋子1', '优质商品1', 2, 300, 99, 300, '酷炫鞋子', '商品扩展属性4', '2016-08-03 00:50:50', '2016-08-04 01:03:01'),
  (5, 0, 5, '帽子', '时尚帽子', 3, 50, 33, 99, '精品', '精品', '2016-08-01 03:03:03', '2016-08-03'),
  (6, 0, 6, '袜子', '袜子', 4, 55, 22, 323, '时尚袜子', '时尚', '2016-08-01 01:01:01', '2016-08-01 03:03:03'),
  (7, 1, 7, '手套1', '精品手套', 5, 128, 77, 999, '手套', '冬季手套', '2016-08-01 03:03:03', '2016-08-06 05:05:05');

INSERT INTO `offer_pictures` (`pic_id`, `offer_id`, `gmt_create`, `gmt_modified`, `pic_url`, `pic_status`, `pic_desc`, `pic_type`) VALUES 
  (1, 1, '2016-08-27', '2016-08-27', 'image\\offer\\p01.jpg', 1, '测试图片1', 1),
  (2, 2, '2016-08-26', '2016-08-26', 'image\\offer\\p02.jpg', 1, '测试图片2', 1),
  (3, 3, '2016-08-25', '2016-08-25', 'image\\home\\p01.jpg', 1, '测试图片3', 1);



INSERT INTO `subtradeorder` (`suborder_id`, `order_id`, `buyer_id`, `seller_id`, `offer_id`, `sku_id`, `flow_status`, `pay_status`, `logistics_status`, `logistics_id`, `preferential_fees`, `offer_org_price`, `actual_paid_price`, `logistics_cost`, `suborder_qty`, `suborder_money`, `suborder_paid_money`, `suborder_refund_id`, `gmt_create`, `gmt_modified`) VALUES 
  (1, 2, 2, 2, 2, 2, '1', '1', '1', '1', 8, 1, 8, 8, 2, '700', '700', 1, '2016-08-25', '2016-08-25'),
  (2, 1, 1, 1, 1, 1, '1', '1', '1', '2', 8, 8, 8, 8, 8, '500', '600', 2, '2016-08-24', '2016-08-24'),
  (3, 3, 3, 3, 3, 3, '1', '1', '1', '3', 8, 8, 8, 8, 3, '800', '800', 3, '2016-08-26', '2016-08-26');

INSERT INTO `tradeorder` (`order_id`, `buyer_id`, `seller_id`, `flow_status`, `pay_status`, `logistics_status`, `order_total_qty`, `order_total_paid_money`, `order_refund_id`, `logistics_cost`, `logistics_promotion_fee`, `promotion_fees`, `gmt_create`, `gmt_modified`) VALUES 
  (1, 1, 1, '1', '1', '1', 2, '700', 1, 8, 8, 8, '2016-08-27', '2016-08-27 01:01:01'),
  (2, 2, 2, '1', '1', '1', 2, '600', 0, 16, 16, 16, '2016-08-26', '2016-08-27 02:02:02'),
  (3, 1, 3, '1', '1', '1', 3, '898', 0, 20, 20, 20, '2016-08-25', '2016-08-26 03:03:03');


INSERT INTO `user` (`user_id`, `user_name`, `user_password`, `user_level`, `user_tag`, `user_role`, `gmt_create`, `gmt_modified`) VALUES 
  (1, '张三', '123456', 1, '白名单', 1, '2016-07-06 16:00:00', '2016-07-07 16:00:00'),
  (2, '李四', '123456', 2, '白名单', 2, '2016-08-06 16:10:10', '2016-08-06 16:16:21'),
  (3, '王五', '123456', 3, '白名单', 3, '2016-08-06', '2016-08-06 01:01:01');

INSERT INTO `user_address` (`user_addr_id`, `user_id`, `detail_addr`, `default_addr`, `province`, `city`, `name`, `phone`, `cell_phone`, `type`) VALUES 
  (1, 1, '浙江省杭州市西湖区', '浙江省杭州市西湖区', '浙江省', '杭州市', '张三', '057188999988', '13989898989', 1),
  (2, 2, '浙江省杭州市西湖区', '浙江省杭州市西湖区', '浙江省', '杭州市', '李四', '057188999987', '13989898987', 1),
  (3, 3, '浙江省杭州市江干区', '浙江省杭州市西湖区', '浙江省', '杭州市', '王五', '057188999986', '13989898986', 2);

